parameter,value
eta,0.6
fc,0.7745966692414834
three_quarters,0.75
pi_over_four,0.7853981633974483
