signature,value,distance_to_center
three_quarters,0.75,0.01999827754631056
fc,0.7745966692414834,0.004598391695172843
pi_over_four,0.7853981633974483,0.015399885851137718
