level,Phi,alpha,operator,H0_reconstructed,relative_error
conceptual,1.88948,0.534425648366543,,,
operational,1.8896138152117328,0.534463497024,0.15656733469824666,73.04,0.0
