signature,value
3/4,0.75
sqrt(3/5),0.7745966692414834
pi/4,0.7853981633974483
